,QuestionID,RespTxt,RespPct,QuestionTxt,QuestionNote,SubPopulation,ReleaseDate,SurveyOrg,SurveySponsor,SourceDoc,BegDate,EndDate,ExactDates,SampleDesc,SampleSize,IntMethod,StudyNote,year
0,USGALLUP.47-392.Q09B,"PEACE TREATY WITH GERMANY, CONTROL OF GERMANY",41,WILL YOU TELL ME WHAT ARE THE CHIEF SUBJECTS TO BE DISCUSSED AT THIS MEETING (OF THE FOREIGN MINISTERS IN MOSCOW)?,,ASKED OF THOSE WHO HEARD/READ OF THE MEETING (72%) ADDS TO MORE THAN 100% DUE TO MULTIPLE RESPONSES,05/31/1947,Gallup Organization,,Gallup Poll,03/14/1947,03/19/1947,Y,National Adult,2884,Face-to-face interview,Sample size is approximate.,1947
12,USHICK.87NWPC.R010D,Man,44,"(Let's assume again that all you know about two candidates for office is that one is a man and one is a woman. For each of the issues, tell me whether you think the man or the woman probably would do a better job dealing with it in office.)... Arms control",,,05/1/1987,Hickman-Maslin Research,National Women's Political Caucus,New Political Woman,05/26/1987,06/1/1987,Y,National--Registered Voters (See note),1500,Telephone Interview,Sample consists of 1000 women and 500 men. Responses of the genders are weighted to reflect their actual proportion in the population.,1987
22,USABCWP.256.R12,"Yes, he does",51,"Thinking about Mikhail Gorbachev, the leader of the Soviet Union: Do you think Gorbachev seriously wants to make progress in arms control, or not?",,,06/1/1987,Chilton Research Services,ABC News; Washington Post,ABC News/Washington Post Poll,05/28/1987,06/1/1987,Y,National Adult,1509,Telephone Interview,,1987
28,USABC.877222.Q19B,Favorable,77,"In his speech tonight (8/12/87), President Reagan mentioned some goals he'd like to accomplish before the end of his term. I'm going to mention some of them and for each please tell me whether you have a favorable or unfavorable view of what Reagan said tonight about how to achieve that goal. How about Reagan's proposal for working toward an arms control agreement with the Soviets. Do you have a favorable or unfavorable view of what Reagan said tonight about how to achieve that goal?",,Saw/heard Reagan's speech (35%),08/12/1987,Chilton Research Services,ABC News,ABC News Poll,08/12/1987,08/12/1987,Y,National Adult,512,Telephone Interview,,1987
34,USGBUSA.873039.Q33,Tried too hard,15,Do you think the Reagan administration has tried too hard or not hard enough to reach an arms control agreement with the Soviets?,,,09/1/1987,Gordon S. Black Corporation,USA Today,Gordon Black/USA Today Poll,09/1/1987,09/30/1987,N,National adults,1005,Telephone Interview,,1987
38,USLAT.128.R43,Haven't heard enough,32,"Would you consider it was appropriate, or not, for leaders of your religion to take a public position involving nuclear weapons and arms control--or haven't you heard enough about that yet to say?",,,08/1/1987,Los Angeles Times,,Los Angeles Times Poll,08/14/1987,08/19/1987,Y,National adult including an oversample of Catholics,2040,Telephone Interview,,1987
43,USCBSNYT.291487.R10,Live up to agreement,65,"If the United States and the Soviet Union reached an agreement on arms control this year, do you think the United States would live up to the agreement or would it cheat?",,,09/14/1987,CBS News; New York Times,,CBS News/New York Times Poll,09/9/1987,09/10/1987,Y,National Adult,839,Telephone Interview,,1987
46,USPENN.112487.R13,Abide,40,Should the United States continue to abide by arms control treaties that the Soviets are violating?,,,11/24/1987,Penn & Schoen Associates,Committee on the Present Danger,"Arms Control, INF and the Summit Survey",10/31/1987,11/5/1987,Y,National adult,803,Telephone Interview,,1987
52,USORC.87DEC.R5,Improved,56,"(From what you have heard or read about this new policy of Glasnost, or openness) Do you think the chances of negotiating a satisfactory arms control agreement with Russia have now improved, not changed, or gotten worse?",,Heard/read of Glasnost (60%),12/1/1987,Opinion Research Corporation,,ORC Issue Watch,11/13/1987,11/15/1987,Y,National adult,1006,Telephone Interview,,1987
56,USABCWP.274.R24,"Yes, will lead to important",,Do you think the (Reagan-Gorbachev) summit meeting will lead to important accomplishments in arms control or not?,,,12/3/1987,Chilton Research Services,ABC News; Washington Post,ABC News/Washington Post Poll,11/30/1987,12/2/1987,Y,National Adult,1007,Telephone Interview,,1987
60,USCBSNYT.87NOV2.R30,"Yes, will",34,"Do you think the upcoming (Reagan-Gorbachev) summit meeting will lead to real arms control agreements, or not?",,,11/1/1987,CBS News; New York Times,,CBS News/New York Times Poll,11/20/1987,11/24/1987,Y,National Adult,1553,Telephone Interview,,1987
85,USABC.276.R02,Approve,81,"As you may know, President Reagan met with Soviet leader Mikhail Gorbachev in Washington this week for summit negotiations on arms control and other issues. Do you approve or disapprove of the way Reagan handled the summit meeting?",,,12/11/1987,Chilton Research Services,ABC News,ABC News Poll,12/10/1987,12/10/1987,Y,National Adult,505,Telephone Interview,,1987
88,USGALNEW.122187.R09,Should,76,Should Reagan and Gorbachev sign a strategic-arms reduction treaty next year in Moscow?,,,12/21/1987,Gallup Organization,Newsweek Magazine,Gallup/Newsweek Poll,12/11/1987,12/11/1987,Y,National adult,507,Telephone Interview,,1987
91,USROPER.844056.R03,A. The Congressional hearing on the,,"Many significant events occurred during the course of this past year. I would like to take a moment to read you a list of those events. When I am through reading the list, I would like you to tell me which one of those events you think was the most significant event of 1987.",,,12/1/1987,Roper Organization,U.S. News & World Report,Roper/U.S. News & World Report Poll,12/14/1987,12/16/1987,Y,National adult,1003,Telephone Interview,,1987
100,USMOR.188ATS.R14,Can be trusted,35,"In reaching agreements on nuclear arms control, do you think the Soviet Union can be trusted to keep their part of the bargain or not?",,,01/1/1988,Market Opinion Research,Americans Talk Security Project,National Security Issues,01/7/1988,01/14/1988,Y,Registered Voters,1000,Telephone Interview,,1988
122,USABCWP.280.R66,Democratic President,38,"Regardless of who controls Congress, do you think a Democratic or a Republican President would do better--negotiating further arms control agreements?",,,01/1/1988,Chilton Research Services,ABC News; Washington Post,ABC News/Washington Post Poll,01/17/1988,01/23/1988,Y,National Adult,1505,Telephone Interview,,1988
126,USDYG.288ATS.R10XA3,Should require,79,"(The next step of the (INF, or Intermediate Nuclear Forces) treaty is for the U.S. Senate to ratify it. As a part of their approval of the treaty the U.S. Senate can require that certain conditions be met before the treaty can take effect. For each of the following please tell me if you think the U.S. Senate should or should not require that condition be met before the treaty can take effect.)... That President Reagan certify that the Soviet Union is adhering to all past arms control agreements before the treaty can take effect",,Asked of 'I' half sample,02/1/1988,"The Daniel Yankelovich Group, Inc.",Americans Talk Security Project,Defense Spending,02/17/1988,02/24/1988,Y,Registered Voters,1004,Telephone Interview,,1988
143,USMARTIL.388ATS.R33,A. President Reagan's military buildup forced them to the bargaining table,28,Both the U.S. and the Soviets have recently shown new interest in negotiating nuclear arms reduction treaties. Which of the following do you think is the major reason that the Soviets have been pursuing these negotiations? (Rotate),,,03/1/1988,"Marttila & Kiley, Inc.",Americans Talk Security Project,Americans Talk Security,03/22/1988,03/28/1988,Y,Registered Voters,1004,Telephone Interview,,1988
155,USAPMGEN.20-3.RC13,Yes,24,Do you think the Soviets can be trusted to live up to their arms control agreements?,,,05/1/1988,Media General; Associated Press,,Associated Press/Media General Poll,04/29/1988,05/8/1988,Y,National adult,1204,"Telephone Interview, Landline",,1988
158,USCBSNYT.88MAY.R04,Drugs,16,What do you think is the most important problem facing this country today?,,,05/1/1988,CBS News; New York Times,,CBS News/New York Times Poll,05/9/1988,05/9/1988,Y,,1382,"Telephone Interview, Landline",,1988
188,USGALLUP.588TM.R601F,Made progress,48,"(For each of these areas of national interest, tell me if you think the Reagan Administration has made progress in solving problems, tried but failed to solve problems, did not deal with problems or created problems for the next president.)... Arms control",,,05/1/1988,Gallup Organization,Times Mirror Center for the People & the Press,"People, The Press & Politics Poll",05/13/1988,05/22/1988,Y,National adult,3021,Telephone Interview,,1988
193,USGBUSA.883082.R04,Human rights,16,"I will read several issues likely to be discussed at the Moscow summit. Which do you think is most important to resolve...human rights, arms control, cultural/scientific exchanges, Middle East Peace?",,,05/1/1988,Gordon S. Black Corporation,USA Today,Gordon Black/USA Today Poll,05/14/1988,05/16/1988,Y,National adult,800,"Telephone Interview, Landline",,1988
198,USMARTIL.588ATS.R06D,Excellent,18,"(Like all presidents, Ronald Reagan does a better job in some areas than others. Now I'd like to get your opinion on how well Ronald Reagan is performing in some specific areas of foreign policy. After each item I read, please tell me whether you feel Reagan is doing an excellent, good, not so good, or poor job in that particular area.)... Working for arms control agreements with the Soviets",,,05/1/1988,"The Daniel Yankelovich Group, Inc.",Americans Talk Security Project,Americans Talk Security #6,05/24/1988,05/27/1988,Y,Registered voters,1009,Telephone Interview,,1988
203,USNBCWSJ.070188.R24,Not do enough,36,"In electing the next president, which would tend to worry you more--someone who might not do enough to get a nuclear arms control agreement with the Russians, or someone who might be too eager for such an agreement?",,Registered voters (79%),07/1/1988,NBC News; Wall Street Journal,,NBC News/Wall Street Journal Poll,06/9/1988,06/12/1988,Y,National adult,2014,Telephone Interview,,1988
206,USCBSNYT.071188.R13,Drugs,15,What do you think is the most important problem facing this country today?,,,07/11/1988,CBS News; New York Times,,CBS News/New York Times Poll,07/5/1988,07/8/1988,Y,National Adult,1177,Telephone Interview,,1988
234,USYANKCS.090688.R09,Budget deficit,14,"In your view, what is the single most important issue in the election that the (1988) Presidential candidates should address?",Adds to more than 100% due to multiple responses,Likely voters (75%),09/6/1988,Yankelovich Clancy Shulman,Time Magazine,Time/Yankelovich Clancy Shulman Poll,08/29/1988,08/30/1988,Y,Registered Voters,1474,Telephone Interview,,1988
257,USDYG.ATS10.R08D,George Bush,57,"(I'm going to read a list of important issues facing the country that a President must deal with. For each one I mention, please tell me whether you feel (ROTATE: George Bush or Michael Dukakis) would do a better job of handling that particular issue.) ...Negotiating arms control agreements?",,Asked of half sample,10/1/1988,"The Daniel Yankelovich Group, Inc.",Americans Talk Security Project,Americans Talk Security #10,09/30/1988,10/3/1988,Y,Registered Voters,1008,Telephone Interview,,1988
262,USCBSNYT.101288.R23,Present approach about right,34,"When it comes to arms control negotiations with the Soviet Union, is the United States' present approach about right, or should we try even harder to reach new agreements, or have we gone too far already?",,Probable electorate,10/12/1988,CBS News; New York Times,,CBS News/New York Times Poll,10/8/1988,10/10/1988,Y,National Adult,1518,Telephone Interview,Responses were weighted for their participation in previous elections and intention to vote in November to create a probable electorate.,1988
292,USDYG.ATS11.R09CD,Bush,64,"(Thinking about the same list of issues, please tell me whether you feel (ROTATE: George Bush or Michael Dukakis) would do a better job of handling that particular issue.)...negotiating arms control agreements.",,Asked of half sample,11/1/1988,"The Daniel Yankelovich Group, Inc.",Americans Talk Security Project,Americans Talk Security #11,11/6/1988,11/7/1988,Y,Registered Voters,1006,Telephone Interview,,1988
306,USNBCWSJ.88EXIT.R05,Handling the nation's drug problems,21,What do you think the next president's top priority should be?,,,11/8/1988,NBC News; Wall Street Journal,,NBC News/WSJ National Election Exit Poll 1988,11/8/1988,11/8/1988,Y,Exiting Voters,11703,Mail Questionnaire/Self-enumerated questionnaire,,1988
312,USCBSNYT.112088.R25,Budget/Deficit,36,What is the single most important thing you would like to see George Bush accomplish in the next four years as President? And what's the next most important thing?,Adds to more than 100% due to multiple responses,,11/20/1988,CBS News; New York Times,,CBS News/New York Times Poll,11/10/1988,11/15/1988,Y,Recall adults,1627,"Telephone Interview, Landline",Reinterviews of 1627 adults from a sample of 1977 originally interviewed 11/2-4/88.,1988
332,USYANKCS.011789.R28,Reducing the budget deficit,33,Which of these do you think should be Bush's first priority as President?,,,01/17/1989,Yankelovich Clancy Shulman,Time Magazine; Cable News Network (CNN),Time/CNN/Yankelovich Clancy Shulman Poll,01/9/1989,01/10/1989,Y,National adult,1012,Telephone Interview,,1989
339,USCBSNYT.011989.R06,Deficit,17,What do you think is the most important problem facing this country today?,* = less than .5 percent,,01/19/1989,CBS News; New York Times,,CBS News/New York Times Poll,01/12/1989,01/15/1989,Y,National adult,1533,Telephone Interview,,1989
388,USNBCWSJ.011989.R13,Likely,46,"What about a major arms control agreement with the Soviet Union? Do you think this is likely to happen in the next year, or not?",,,01/19/1989,NBC News; Wall Street Journal,,NBC News/Wall Street Journal Poll,01/14/1989,01/17/1989,Y,National adult,2025,Telephone Interview,,1989
391,USCBSNYT.041989.R20,Drugs,18,"Of all the problems facing the country, which one would you like to see (President) George Bush make an all-out effort to solve first?",,,04/19/1989,CBS News; New York Times,,CBS News/New York Times Poll,04/13/1989,04/16/1989,Y,National Adult,1412,Telephone Interview,,1989
414,USLAT.181.R61,"Yes, will",63,"(Here are some things George Bush says he wants to do during the next four years. Tell me whether you think he will, or will not be able to do them.)... During the next four years, do you think George Bush will be able to sign an arms control treaty with the Russians, or not?",,,04/1/1989,Los Angeles Times,,Los Angeles Times Poll,04/22/1989,04/25/1989,Y,National adult,2160,Telephone Interview,,1989
429,USABCWP.89OCT.R07D,"Yes, doing it all it can",65,(I'm going to mention some issues facing this country today. After each please tell me if you think the Bush administration is doing all it can or not doing all it can on the issue?)...Arms reduction proposals from the Soviet Union.,,,10/1/1989,Chilton Research Services,ABC News; Washington Post,ABC News/Washington Post Poll,09/28/1989,10/3/1989,Y,"1,535 adults and an oversample of 231 Blacks nationwide",1766,Telephone Interview,Sample includes 1535 national adults and an oversample of 231 blacks nationwide.,1989
432,USWASHP.90947E.R05,Wants to make progress,67,"Do you think (Mikhail) Gorbachev seriously wants to make progress in arms control, or not?",,,11/1/1989,Washington Post,,Washington Post Poll,11/17/1989,11/21/1989,Y,National adult,1007,Telephone Interview,Interviewing was conducted by ICR Survey Research Group.,1989
435,USAPMGEN.29-2.RB12,Yes,30,Do you think the Soviets can be trusted to live up to their arms control agreements?,,,11/1/1989,Media General; Associated Press,,Associated Press/Media General Poll,11/17/1989,11/25/1989,Y,National adult,1117,"Telephone Interview, Landline",,1989
438,USCBSNYT.120289.R21,Live up to agreement,66,"If the United States and the Soviet Union reached an agreement on arms control this year, do you think the United States would live up to the agreement or would it cheat?",,,12/2/1989,CBS News; New York Times,,CBS News/New York Times Poll,11/26/1989,11/28/1989,Y,National Adult,1297,Telephone Interview,,1989
444,USMS.ATS13B.R064,Can be trusted,46,"In reaching agreements on nuclear arms control, do you think the Soviet Union can be trusted to keep their part of the bargain or not?",,,04/16/1990,"Market Strategies, Inc.",Americans Talk Security Project,U.S. Looks At The Revolutions Of 1989,02/19/1990,03/2/1990,Y,National adult,1000,"Telephone Interview, Landline",,1990
452,USANLGRP.90DEMA.R18A,Foreign relations,25,"Thinking about specific issues and problems, what issue do you think George Bush is handling best? (Open-ended)",* = less than .5 percent,Asked of 'A' half sample,03/1/1990,Greenberg-Lake: The Analysis Group; Garin-Hart Strategic Research Group,Democrats for the 90s,Democrats: 1990-92,02/26/1990,03/1/1990,Y,National--Registered Voters,1494,Telephone Interview,Conducted by Greenberg-Lake (the Analysis Group) and the Garin-Hart Strategic Research Group.,1990
526,USABCWP.381.R7,More likely,18,"Has the way (Mikhail) Gorbachev handled the situation in Lithuania made you more or less likely to support arms control agreements between the United States and the Soviet Union, or hasn't it made much difference?",,,04/1/1990,ABC News; Washington Post,,ABC News/Washington Post Poll,03/28/1990,04/1/1990,Y,National adult,1000,Telephone Interview,,1990
530,USAPMGEN.30-1.RB14,Yes,34,Do you think the Soviets can be trusted to live up to their arms control agreements?,,,05/1/1990,Associated Press; Media General,,Associated Press/Media General Poll,05/11/1990,05/20/1990,Y,National adult,1143,Telephone Interview,,1990
533,USABCWP.386B.R50,"Yes, will lead to important accomplishments",62,Do you think the summit meeting (between President Bush and Soviet leader Gorbachev) will lead to important accomplishments in arms control or not?,,,05/1/1990,Chilton Research Services,ABC News; Washington Post,ABC News/Washington Post Poll,05/17/1990,05/21/1990,Y,National Adult,1526,Telephone Interview,,1990
536,USCBSNYT.052990.R14,United States,42,Which country has more to gain by reaching an arms control agreement this year--the United States or the Soviet Union?,,,05/29/1990,CBS News; New York Times,,CBS News/New York Times Poll,05/22/1990,05/24/1990,Y,National Adult,1140,Telephone Interview,,1990
543,USCBSNYT.062492.R17,Gulf War,28,"Regardless of your overall opinion of George Bush, what do you think is the single most important thing George Bush has accomplished as President?",,,06/24/1992,CBS News; New York Times,,CBS News/New York Times Poll,06/17/1992,06/20/1992,Y,National adult,1315,Telephone Interview,,1992
560,USWASHP.90813F.R07,More likely to support,18,"Has the way (Soviet President) Gorbachev handled the situation in Lithuania made you more likely or less likely to support further arms control agreements between the United States and the Soviet Union, or hasn't it made much difference?",,,04/1/1990,Washington Post,,Washington Post Poll,03/28/1990,04/2/1990,Y,National adult,1000,Telephone Interview,Interviewing was conducted by ICR Survey Research Group.,1990
565,USGALLUP.90CFRP.R15C,Excellent,7,"How do you rate the Bush Administration's handling of the following problems? Would you say the Administration's handling of... arms control... has been excellent, good, fair, or poor?",,,12/1/1990,Gallup Organization,The Chicago Council on Foreign Relations,Gallup/CCFR Survey of American Public Opinion and U.S. Foreign Policy 1990,10/23/1990,11/15/1990,Y,National adult,1662,Face-to-face interview,The study also has a separate sample of 377 'opinion leaders' conducted 10/19-11/16/90 in which were asked many of the same questions. These results are available from the Roper Center.,1990
573,USGALLUP.0191W3.R26,Restrict trade and cut off all economic assistance to the Soviets,10,"As you may already know, there has been a Soviet military crackdown on independence movements in the Soviet Baltic states of Latvia and Lithuania. Which of the following responses to the Soviet crackdown, if any, would you favor?",,,01/1/1991,Gallup Organization,,Gallup Poll,01/17/1991,01/20/1991,Y,National adult,1019,Telephone Interview,,1991
579,USGALLUP.0191W4.R25B,Favor,49,"(As you may already know, there has been a Soviet military crackdown on independence movements in the Soviet Baltic states of Latvia and Lithuania. For each of the following possible responses to the Soviet crackdown, please tell me if you favor or oppose it.)... (Rotate) Restrict arms control agreements and negotiations with the Soviets",,,01/1/1991,Gallup Organization,,Gallup Poll,01/23/1991,01/26/1991,Y,National adult,1011,Telephone Interview,,1991
582,USUMARY.071696.R14,Agree strongly,42,"Please tell me if you agree or disagree with the following statement: Now that the cold war is over the U.S. (United States) should put less emphasis on building new weapons and more emphasis on things like arms control, global environmental concerns, trade and the early prevention of conflicts. Therefore some money should be shifted from the Defense Department to other agencies such as the State Department. Do you feel that way strongly or somewhat?",,,07/16/1996,"Program on International Policy Attitudes, University of Maryland",,America's Role In The World Poll,06/21/1996,06/27/1996,Y,National adult,1227,Telephone Interview,,1996
587,USYANKP.021097.R15D,Top priority,25,"(Please tell me whether each of the following should be a top foreign policy priority for the United States, a high priority, a low priority, or not a priority at all.)... Promoting chemical and biological weapons arms control",,,02/10/1997,"Yankelovich Partners, Inc.",Time Magazine; Cable News Network (CNN),Time/CNN/Yankelovich Partners Poll,02/5/1997,02/6/1997,Y,National Adult including an oversample of 215 Blacks,1227,Telephone Interview,The survey included an oversample of 215 African-Americans. Results are weighted to be representative of a national adult population.,1997
592,USGALLUP.98CCFRP.R02,Crime (Violence/Hate crimes/Killings in school),26,What do you feel are the two or three biggest problems facing the country today?,Adds to more than 100% due to multiple responses. * = less than .5 percent,,12/1/1998,Gallup Organization,The Chicago Council on Foreign Relations,Gallup/CCFR Survey of American Public Opinion and U.S. Foreign Policy 1998,10/15/1998,11/10/1998,Y,National Adult,1507,Face-to-face interview,The study also had a separate sample of 379 opinion leaders conducted 11/02/98-12/21/98. The leaders were asked many of the same questions. The leaders results are available from the Roper Center.,1998
648,USHARRIS.02CCFRA.R0315,Terrorism,33,What do you feel are the two or three biggest foreign policy problems facing the United States today?,,"Asked of partial sample B, one quarter of telephone interviews plus all the in-person interviews (1/3 of sample). Adds to more than 100% due to multiple responses. * = less than .5 percent",10/2/2002,Harris Interactive,The Chicago Council on Foreign Relations,Worldviews 2002 Survey,06/1/2002,06/30/2002,Y,National adult including an oversample of 397 opinion leaders,3262,Telephone Interview,"The US Survey consists of 2862 telephone interviews and 400 in-person face to face interviews for a total of 3262 adults. Parallel surveys, were conducted in Great Britain, France, Germany, the Netherlands, Italy and Poland by M.O.R.I. June 5-July 6, 2002 with 1000 respondents in each European country.",2002
709,USABC.031003.R03,Threat to the U.S. (United States),22,What's the main reason you'd support going to war with Iraq/favor military action against Iraq?,,"Those who favor going to war with Iraq/military action against Iraq to force Saddam Hussein from power. Form A asked about going to war, Form B asked about military action against Iraq in the prior question. Adds to more than 100% due to multiple responses",03/10/2003,ABC News,,ABC News Poll,03/5/2003,03/9/2003,Y,National adult,1032,Telephone Interview,Interviews were conducted by TNS Intersearch,2003
720,USUMARY.012408.R18,Should negotiate,79,"There is a debate about whether the United States should negotiate an international treaty that would prohibit countries from testing or deploying weapons dedicated to attacking satellites.  Opponents say such a treaty is not a good idea, arms control does not work and it is inevitable that countries will build the capacity to destroy satellites.  Advocates say such a treaty is a good idea, many arms control agreements have proven to be effective and all the major countries have an interest in not having their satellites threatened.  Do you think the United States should or should not negotiate an international treaty that would prohibit countries from testing or deploying weapons dedicated to attacking satellites?",,United States respondents (n=1247).,01/24/2008,Program on International Policy Attitudes,,PIPA/Knowledge Networks Poll,09/14/2007,09/24/2007,Y,Adult residents of United States and Russia,2848,Web-based survey,"The poll was fielded by Knowledge Networks using its national panel which is randomly selected from the entire national population and subsequently provided Internet access, if needed.  A parallel survey was conducted in Russia by Levada Center.",2007
726,USNORC.63CD.R13F,10--Very likely,6,"(Now here are some cards. On these cards are printed various possible future situations which may exist in our civil defense. On this folder are pockets which show how likely something is. As before, the zero pocket on the bottom of the folder stands for something that is impossible or nearly impossible. The top pocket--10--stands for something you consider certain or just about certain to happen. Five means that something is as likely to happen as not--the chances are about fifty-fifty. Would you please put these cards into the pockets according to how likely it is that each situation will come about in five years or so--about 1968? You may use as many pockets as you want, and any number of cards may go into any pocket.)... There will be no shelters against nuclear weapons because arms control and disarmament steps will make nuclear war impossible.",,,12/1/1963,National Opinion Research Center (NORC),,Civil Defense,12/1/1963,12/31/1963,Y,National adult including an oversample of 21-24 year olds,1557,Face-to-face interview,,1963
737,USGALLUP.59IISR12.Q10A,Russia:  general mention (name only)/bad relations with/trouble with/etc.,14,"Now, I would like to ask you about several different kinds of problems. First, what do you think is the most important international or world problem at the present time?",Adds to more than 100% due to multiple responses. * = less than .5 percent,,08/1/1959,Gallup Organization,Institute for International Social Research,Hopes And Fears: Happiness Survey,08/1/1959,08/30/1959,Y,National adult,1549,Face-to-face interview,,1959
754,USGALLUP.1124.Q06B,"Reduce nuclear proliferation:  Limit nuclear arms on both sides, control nuclear power, cease manufacture of atomic weapons, more nuclear control.",6,"What do you think would be the advantages of such a treaty (Strategic Arms Limitation Treaty, or SALT II)?",Adds to more than 100% due to multiple responses. * = less than .5 percent.,,03/19/1979,Gallup Organization,,Gallup Poll (AIPO),03/16/1979,03/19/1979,Y,National adult,1563,Face-to-face interview,,1979
768,USABCHS.042779.R11D,Will,47,Do you feel the proposed new SALT (Strategic Arms Limitation Treaty) arms control agreement with Russia will...Slow down the nuclear arms build-up by both the U.S. and the Soviet Union through 1985...or not?,,,04/27/1979,ABC News; Louis Harris and Associates,,ABC News/Harris Survey,04/6/1979,04/9/1979,Y,National adult,1200,Telephone Interview,,1979
771,USABCHS.102579.R2F,Agree,58,"(Now let me read you some statements that some people have made about the U.S. and Russia coming to a new SALT (Strategic Arms Limitation Talks/Treaty) arms agreement. For each, tell me if you agree or disagree.)...Although nuclear arms control is desirable, the SALT II treaty which President Carter negotiated does not adequately protect U.S. security",,,10/25/1979,ABC News; Louis Harris and Associates,,ABC News/Harris Survey,09/26/1979,10/1/1979,Y,National adult,1500,Telephone Interview,,1979
774,USGALLUP.1131.Q003B,"Reduce nuclear proliferation: Limit nuclear arms on both sides, control nuclear power, cease manufacture of atomic weapons, more nuclear control.",8,What do you think would be the advantages of such a treaty (Strategic Arms Limitation Talks-SALT II)?,Adds to more than 100% due to multiple responses. * = less than .5 percent,,06/25/1979,Gallup Organization,,Gallup Poll (AIPO),06/22/1979,06/25/1979,Y,National Adult,1571,Face-to-face interview,,1979
792,USGALLUP.1139.Q03B,"Reduce nuclear proliferation:  Limit nuclear arms on both sides, control nuclear power, cease manufacture of atomic weapons, more nuclear control.",4,"What do you think would be the advantages of such a treaty (SALT II, or Strategic Arms Limitation Treaty)?",* = less than .5 percent Adds to more than 100% due to multiple responses.,,10/1/1979,Gallup Organization,,Gallup Poll (AIPO),09/28/1979,10/1/1979,Y,National Adult,1520,Face-to-face interview,,1979
807,USGALLUP.1149.Q06B,"Reduce nuclear proliferation: Limit nuclear arms on both sides, control nuclear power, cease manufacture of atomic weapons, more nuclear control.",10,"What do you think would be the advantages of such a (SALT II, or Strategic Arms Limitation) treaty?",Adds to more than 100% due to multiple responses.,Heard or read about SALT II (77%),03/3/1980,Gallup Organization,,Gallup Poll (AIPO),02/29/1980,03/3/1980,Y,National Adult,1572,Face-to-face interview,,1980
818,USGALLUP.1163.Q05B,"Reduce nuclear proliferation:  Limit nuclear arms on both sides, control nuclear power, cease manufacture of atomic weapons, more nuclear control.",6,"What do you think would be the advantages of such a treaty (SALT II, the proposed nuclear arms agreement between the United States and the Soviet Union)?",* = less than .5 percent.  Multiple responses.,,10/13/1980,Gallup Organization,,Gallup Poll (AIPO),10/10/1980,10/13/1980,Y,National adult,1593,Face-to-face interview,,1980
833,USCPS.80POST.QH10A3,"For loosening of monetary restraints, lower interest rates",*,"In the (1980) campaign for the U.S. (United States) House of Representatives in this district, what would you say was the most important single issue? (Part three of five...see questions H10A1, H10A2, H10A4, and H10A5 for balance of responses)",* = less than .5 percent,,08/1/1982,"Survey Research Center at University of Michigan (ANES American National Election Studies); Center for Political Studies, University of Michigan",National Science Foundation (NSF),American National Election Study 1980 (Post-Election),11/4/1980,02/7/1981,Y,National adult,1408,Face-to-face interview,"The respondents were originally interviewed in the pre-election study of 1614 adults conducted September 2, 1980-November 3, 1980.",1980
852,USORC.80DEC.R04G,Do less,13,"(Now, let's turn to foreign affairs. I'm going to read some statements concerning various areas the federal government may be dealing with during the 1980's. As I read each statement, please tell me if you think the federal government should do more, should do less, or should continue to do about the same.)... Promoting nuclear arms control",,,12/1/1980,Opinion Research Corporation,,ORC Public Opinion Index,11/12/1980,11/16/1980,Y,National adult,1013,Telephone Interview,,1980
861,USCAMREP.81JUL.R266,Strongly support,23,"Recently, President (Ronald) Reagan announced his nuclear non-proliferation policy, stating that preventing the spread of nuclear weapons is a fundamental objective of the United States. He intends to strengthen international agencies, increase international cooperation, and have fewer unilateral U.S. restrictions on exports of U.S. nuclear electric power plants. Do you strongly support, somewhat support, somewhat oppose, or strongly oppose this policy?",,,07/1/1981,Cambridge Reports/Research International,,Cambridge Reports National Omnibus Survey,07/1/1981,07/31/1981,N,National adult,1500,Face-to-face interview,Sample size is approximate.,1981
887,USGALNEW.041682.R3,Verification,67,The major problem in arms control is the difficulty in verifying whether the other side is complying with the agreement. Some people feel that verification is essential for such an agreement. Others feel that it is more important for the United States to halt the growth of its nuclear arsenal even if we cannot be sure the other side is doing the same. Which is more important in your view?,,,04/16/1982,Gallup Organization,Newsweek,Gallup/Newsweek Poll,03/17/1982,03/18/1982,Y,National adult,757,Telephone Interview,,1982
890,USLAT.58.R69,Haven't heard enough,35,"Strategic Arms Reduction talks--called START--are due to begin (began) in Geneva on June 29th. (1982). Do you think these negotiations on nuclear weapons control will end in success, or do you think they will end in failure--or haven't you heard enough about that yet to say?",* = less than .5 percent,,07/1/1982,Los Angeles Times,,Los Angeles Times Poll,06/27/1982,07/8/1982,Y,National adult,1102,Telephone Interview,,1982
896,USORC.83JAN.R01O,Excellent,7,"(When President Reagan first took office in 1980, people had a number of expectations of what his Administration might be able to accomplish. I'd like you to evaluate the kind of job you think the Reagan Administration has done in several areas. For each one, please tell me whether you think the Administration has done an excellent job, a good job, only a fair job, or a poor job)...working toward nuclear arms control.",,,01/1/1983,Opinion Research Corporation,,ORC Public Opinion Index,12/9/1982,12/14/1982,Y,National adult,1005,Telephone Interview,,1982
904,USHARRIS.030783.R7,Positive,32,"'Now let me ask you about some specific things President Reagan has done. How would you rate him on his handling of nuclear arms reduction negotiations with the Russians -- excellent, pretty good, only fair, or poor?'",Positive = Excellent and pretty good Negative = Only fair and poor,,03/7/1983,Louis Harris & Associates,,Harris Survey,02/11/1983,02/16/1983,Y,National Adults,1248,Telephone Interview,,1983
907,USHARRIS.040483.R8,Positive,29,"(Now let me ask you about some specific things President Reagan has done.) How would you rate him on (Read each item) his handling of nuclear arms reduction negotiations with the Russians -- excellent, pretty good, only fair, or poor?",Positive = excellent and pretty good Negative = only fair and poor,,04/4/1983,Louis Harris & Associates,,Harris Survey,03/17/1983,03/20/1983,Y,National Adult,1254,Telephone Interview,,1983
910,USHARRIS.042583.R7,Positive,30,Now let me ask you about some specific things President Reagan has done. How would you rate him on his handling of nuclear arms reduction negotiations with the Russians?,Positive = excellent and pretty good Negative = only fair and poor,,04/25/1983,Louis Harris & Associates,,Harris Survey,04/7/1983,04/10/1983,Y,National Adult,1250,Telephone Interview,,1983
913,USHARRBW.051683.RK,Excellent,9,"How would you rate President Reagan on his handling of nuclear arms reduction negotiations with the Russians -- excellent, pretty good, only fair, or poor?",,,05/16/1983,Louis Harris & Associates,Business Week Magazine,Business Week/Harris Poll,04/20/1983,04/25/1983,Y,National Adult,1253,Telephone Interview,,1983
918,USHARRIS.051983.R8,Positive,33,"(Now let me ask you about some specific things President Reagan has done.) How would you rate him on his handling of nuclear arms reduction negotiations with the Russians -- excellent, pretty good, only fair, or poor?",Positive = excellent and pretty good Negative = only fair and poor,,05/19/1983,Louis Harris & Associates,,Harris Survey,04/29/1983,05/1/1983,Y,National Adult,1250,Telephone Interview,,1983
921,USHARRIS.062783.R4,Positive,31,"(Now let me ask you about some specific things President Reagan has done.) How would you rate him on his handling of nuclear arms reduction negotiations with the Russians -- excellent, pretty good, only fair, or poor?",Positive = excellent and pretty good Negative = only fair and poor,,06/27/1983,Louis Harris & Associates,,Harris Survey,06/7/1983,06/11/1983,Y,National Adult,1250,Telephone Interview,,1983
924,USYANK.835632.R38,Concentrate on military buildup,43,President Reagan has said that the only way to deal with the Soviets is to be tough and has requested a substantial increase in military spending. Others say that this policy will lead to a stepped-up arms race and increase the risk of nuclear war. They urge smaller increases in defense spending and more emphasis on arms control agreements instead. Which do you agree with...We should concentrate on military buildup or we should concentrate on arms control?,,Registered voters,06/1/1983,"Yankelovich, Skelly & White",Time Magazine,"Time/Yankelovich, Skelly & White Poll",06/27/1983,06/29/1983,Y,Registered voters,1007,Telephone Interview,,1983
926,USHARRIS.112883.R11,Positive,39,"(Now let me ask you about some specific things President Reagan has done.) How would you rate him on his handling of nuclear arms reduction negotiations with the Russians -- Excellent, pretty good, only fair, or poor?",Positive = Excellent and pretty good Negative = Only fair and poor,,11/28/1983,Louis Harris & Associates,,Harris Survey,11/9/1983,11/14/1983,Y,National Adult,1252,Telephone Interview,,1983
929,USHARRIS.111083.R2E,Positive,42,"(Now let me ask you about some specific things President Reagan has done. How would you rate him on) His handling of nuclear arms reduction negotiations with the Russians -- excellent, pretty good, only fair, or poor?",Positive = Excellent and pretty good Negative = Only fair and poor,,11/10/1983,Louis Harris & Associates,,Harris Survey,10/28/1983,10/31/1983,Y,National Adults,1254,Telephone Interview,,1983
932,USHARRIS.092983.R7,Positive,40,"(Now let me ask you about some specific things President Reagan has done.) How would you rate him on his handling of nuclear arms reduction negotiations with the Russians-- excellent, pretty good, only fair, or poor?",Positive = excellent and pretty good Negative = only fair and poor,,09/29/1983,Louis Harris & Associates,,Harris Survey,09/9/1983,09/14/1983,Y,National Adult,1255,Telephone Interview,,1983
935,USHARRIS.082283.R7,Positive,32,"(Now let me ask you about some specific things President Reagan has done.) How would you rate him on his handling of nuclear arms reduction negotiations with the Russians -- excellent, pretty good, only fair, or poor?",Positive = excellent and pretty good Negative = only fair and poor,,08/22/1983,Louis Harris & Associates,,Harris Survey,07/14/1983,07/18/1983,Y,National Adult,1252,Telephone Interview,,1983
938,USPENN.84NUKA.R02,Favor,30,"Here are different arms control propositions. For each one, tell me whether you favor or oppose it. A unilateral halt by the US (United States) of all production and all deployment of new nuclear weapons, regardless of whether the Soviets decide to continue building up weapons. Do you favor or oppose this?",,,04/19/1984,Penn & Schoen Associates,Committee on the Present Danger,Nuclear Freeze And Nuclear Arms Survey,03/31/1984,04/2/1984,Y,National adult,1000,Telephone Interview,,1984
947,USHARRIS.082384.R6,Positive,35,"(Now let me ask you about some specific things President Reagan has done.) How would you rate him on...his handling of nuclear arms reduction negotiations with the Russians--excellent, pretty good, only fair, or poor?",Based on responses of likely voters = 78%. Positive = Excellent/ Pretty good.  Negative = Only fair/Poor.,Likely voters.,08/23/1984,Louis Harris & Associates,,Harris Survey,07/20/1984,07/24/1984,Y,Eligible voters,1620,Telephone Interview,,1984
950,USYANK.845673.Q27C,Is handling properly,46,"In dealing with the nuclear arms control issue, do you feel that the Reagan Administration is handling it properly or is not handling it properly?",,,08/9/1984,"Yankelovich, Skelly & White",Time Magazine,"Time/Yankelovich, Skelly & White Poll",08/7/1984,08/9/1984,Y,Registered voters,1018,Telephone Interview,,1984
953,USHARRIS.092484.R11,Positive,36,"(Now let me ask you about some specific things President Reagan has done.) How would you rate him on...His handling of nuclear arms reduction negotiations with the Russians--excellent, pretty good, only fair, or poor?",Based on likely voters = 61% Positive = Excellent and pretty good.  Negative = Only fair and poor.,Likely voters,09/24/1984,Louis Harris & Associates,Business Week Magazine,Harris Survey,09/5/1984,09/9/1984,Y,National adult,1999,Telephone Interview,,1984
956,USCBSNYT.OC84-1.R12,"Yes, abortion",4,"Is there any one issue that is so important to you that you would change your vote because you disagreed with a candidate's position on that single issue? (If yes, ask:) What issue is that?",Total with a single issue = 25% of registered voters.,Registered voters (73%),10/1/1984,CBS News; New York Times,,CBS News/New York Times Poll,09/30/1984,10/4/1984,Y,National Adult,1748,Telephone Interview,,1984
972,USCAMREP.84OCT.R161,"Hasn't balanced budget, national deficit, federal deficit, overspending",18,What do you feel is the biggest failure of the Reagan Administration so far?,,,10/1/1984,Cambridge Reports/Research International,,Cambridge Reports National Omnibus Survey,10/1/1984,10/31/1984,N,National adult,1500,Face-to-face interview,Sample size is approximate.,1984
984,USHARRIS.101984.R6,Positive,40,"(Now let me ask you about some specific things President Reagan has done.) How would you rate him on...His handling of nuclear arms reduction negotiations with the Russians--excellent, pretty good, only fair, or poor?",Based on responses of likely voters = 70%. Positive = excellent and pretty good.  Negative = only fair and poor.,Likely voters,10/19/1984,Louis Harris & Associates,,Harris Survey,10/12/1984,10/14/1984,Y,National Adult,1998,Telephone Interview,,1984
987,USCBSNYT.OC84-2.R33,Take advantage,50,"After the election, suppose the next President announced that the United States would stop testing all nuclear and space weapons. Do you think that would lead the Soviet Union to take advantage of our new policy, or would they be more likely to start negotiating seriously about arms control?",,Registered voters (73%),10/1/1984,CBS News; New York Times,,CBS News/New York Times Poll,10/14/1984,10/17/1984,Y,National Adult,1809,Telephone Interview,,1984
990,USYANK.845701.Q37C,Is handling properly,49,"In dealing with the nuclear arms control issue, do you feel that the Reagan Administration is handling it properly or is not handling it properly?",,,10/25/1984,"Yankelovich, Skelly & White",Time Magazine,"Time/Yankelovich, Skelly & White Poll",10/23/1984,10/25/1984,Y,Registered voters,1014,Telephone Interview,,1984
993,USLAT.90.RE,"No issues, really",11,Which issues-if any-were most important to you in deciding whom to vote for (for President)? (Check up to 2 boxes),Adds to more than 100% due to multiple responses.,,11/6/1984,Los Angeles Times,,Los Angeles Times Exit Poll 1984,11/6/1984,11/6/1984,Y,Exiting Voters,7311,Mail Questionnaire/Self-enumerated questionnaire,Self administered printed questionnaire,1984
1004,USROPER.85-1.R12H,Expected of him,44,"(Here are some things various people have said are likely to happen once President Reagan is in his second term as President. Would you read down that list and for each one will you tell me whether you think it is something that can be expected of him during the next four years, or something that cannot be expected of him?)... He will reach an agreement with Russia on nuclear arms control",,,02/8/1985,The Roper Organization,,Roper Report 85-1,12/1/1984,12/8/1984,Y,National Adult,1976,Face-to-face interview,,1984
1007,USHARRIS.120684.R3,Possible,40,"One of the problems in any nuclear arms control agreement between the U.S. (United States) and Russia is the question of verification--how to be sure each side is living up to what has been agreed upon. Do you think it is possible or not to come to a nuclear arms control agreement with the Russians, under which each side would be able to accurately determine if the other is living up to the agreement?",,,12/6/1984,Louis Harris & Associates,,Harris Survey,11/26/1984,11/29/1984,Y,National adult,1255,Telephone Interview,,1984
1010,USCBSNYT.JAN851.R15,"Yes, make a difference",56,"Do you think the chances of nuclear arms control would be substantially increased if the President of the United States and the head of the Soviet Union met every year, or wouldn't it make much difference?",,,01/1/1985,CBS News; New York Times,,CBS News/New York Times Poll,01/2/1985,01/4/1985,Y,National Adult,1525,Telephone Interview,,1985
1023,USLAT.94.R14,Farm,3,"In your opinion, what is the biggest problem facing the country today? (If 'economy or 'national defense,' etc.) What specific (economic/national defense, etc.) issues do you mean?",,,02/1/1985,Los Angeles Times,,Los Angeles Times Poll,02/23/1985,02/28/1985,Y,National Adult and Journalists,6158,Telephone Interview,Release also reports comparative responses from samples of editors and newspaper staff members,1985
1054,USCBSNYT.FEB852.R22,Will,34,"Do you think the meeting in Geneva, held earlier this year, will or will not lead to real nuclear arms control agreements?",,,02/27/1985,CBS News; New York Times,,CBS News/New York Times Poll,02/23/1985,02/27/1985,Y,National Adult,1533,Telephone Interview,,1985
1057,USGALNEW.85138.RBB,One of the most important,56,"(We'd like your opinion on what the nation's priorities should be over the next few years. I will read you some possible areas for improvement. For each, tell me if this should be one of our most important priorities, important but not one of the most important priorities, or not an important priority.)... Negotiating a nuclear arms control treaty with the Soviet Union",,,05/1/1985,Gallup Organization,Newsweek Magazine,Gallup/Newsweek Poll,05/29/1985,05/30/1985,Y,National adult,759,Telephone Interview,,1985
1061,USGALNEW.85152.R15B,One of the most important,58,"(We'd like your opinion on what the nation's priorities should be over the next few years. I will read you some possible areas of improvement. For each, tell me if this should be one of our most important priorities, important but not one of the most important priorities, or not an important priority.)... Negotiating a nuclear arms control treaty with the Soviet Union",,,06/1/1985,Gallup Organization,Newsweek Magazine,Gallup/Newsweek Poll,06/20/1985,06/21/1985,Y,National adult,1016,Telephone Interview,,1985
1065,USYANK.855731.Q27,Very important,58,"The United States and the Soviet Union are currently engaged in nuclear arms control talks in Geneva, Switzerland. How important do you think these nuclear arms control talks are?",,,07/25/1985,"Yankelovich, Skelly & White",Time Magazine,"Time/Yankelovich, Skelly & White Poll",07/23/1985,07/25/1985,Y,Registered voters,1013,Telephone Interview,,1985
1069,USCAMREP.85OCT.R157,"Hasn't balanced budget, national deficit, federal deficit, overspending",23,What do you feel is the biggest failure of the Reagan Administration so far?,,,10/1/1985,Cambridge Reports/Research International,,Cambridge Reports National Omnibus Survey,10/1/1985,10/31/1985,N,National adult,1500,Face-to-face interview,Sample size is approximate.,1985
1081,USHARRBW.111185.RB,Agreement on major nuclear arms control,6,"Arms control will be one of the principal items on the agenda at the (Reagan-Gorbachev) summit. In general, what do you expect to come out of the summit with regard to arms control--agreement on a major plan to control nuclear arms, agreement on a minor plan to control nuclear arms, some signs of progress on arms control but no formal agreement, or little or no progress towards arms control?",,,11/11/1985,Louis Harris & Associates,Business Week Magazine,Business Week/Harris Poll,10/23/1985,10/27/1985,Y,National adult,1252,Telephone Interview,,1985
1086,USABCWP.206.R22,For U.S. to develop space weapons For U.S. and Soviet Union to agree,20,"In general, which would you say is more important: for the United States to develop space based weapons to defend against nuclear attack, or for the U.S. and the Soviet Union to agree to a substantial reduction of nuclear arms by both countries?",,,11/1/1985,Chilton Research Services,ABC News; Washington Post,ABC News/Washington Post Poll,10/24/1985,10/28/1985,Y,National adult,1506,Telephone Interview,,1985
1090,USLAT.100.R63,Concentrate nuclear arms control,20,"Do you think the (November 1985 Reagan-Gorbachev) summit conference in Geneva should concentrate on nuclear arms control...or do you think the American plan for peace talks in Afghanistan, Angola, Cambodia, Ethiopia, and Nicaragua should also come up for discussion?",,,11/1/1985,Los Angeles Times,,Los Angeles Times Poll,11/1/1985,11/7/1985,Y,National adult,2041,Telephone Interview,,1985
1102,USCBSNYT.112185.R13,Develop Star Wars,31,"If it came down to only these choices, what should the United States do--work to develop a Star Wars (space-based defense) system and give up negotiating an arms control agreement, or work to negotiate an arms control agreement, or work to negotiate a reduction in nuclear missiles and give up Star Wars?",,,11/21/1985,CBS News,,CBS News/New York Times Poll,11/2/1985,11/2/1985,Y,National adult,800,Telephone Interview,,1985
1105,USABCWP.209.R25,For U.S. to develop space weapons For U.S. and Soviet Union to agree to,21,"In general, which would you say is more important: For the United States to develop space based weapons to defend against nuclear attack, or for the U.S. and the Soviet Union to agree to a substantial reduction of nuclear arms by both countries?",,,11/1/1985,Chilton Research Services,ABC News; Washington Post,ABC News/Washington Post Poll,11/10/1985,11/13/1985,Y,National adult,1507,Telephone Interview,,1985
1109,USCBSNYT.85RELG.R01,Arms control/Geneva summit,4,What do you think is the most important problem facing this country today?,,,11/20/1985,CBS News; New York Times,,CBS News/New York Times Poll,11/18/1985,11/19/1985,Y,National Adult,927,Telephone Interview,,1985
1130,USHARRIS.112685.R09,Highly significant,40,"(Missing from any agreement at the (November 1985) summit (between Reagan and Gorbachev) were the following things. For each, tell me if you think it is highly significant that nothing was done on them, somewhat significant, not very significant, or hardly significant at all.)... No agreement on nuclear arms reduction.",,,11/26/1985,Louis Harris & Associates,,Harris Survey,11/22/1985,11/24/1985,Y,National adult,1258,Telephone Interview,,1985
1135,USNYT.120085.R06,Economy,10,What do you think is the most important problem facing the country today?,,,12/1/1985,New York Times,,New York Times Poll,12/14/1985,12/18/1985,Y,National Adult,1354,Telephone Interview,,1985
1150,USNBCWSJ.322586.R22,Reforming the federal income tax system,11,"Which do you think is the most important issue facing the country today: reforming the federal income tax system, reaching a nuclear arms control agreement with the Soviet Union, reducing the federal budget deficit, or reducing the foreign trade deficit?",,,02/25/1986,NBC News; Wall Street Journal,,NBC News/Wall Street Journal Poll,02/6/1986,02/7/1986,Y,National Adult,1597,Telephone Interview,,1986
1156,USCBSNYT.041486.R04,War/Nuclear war,10,What do you think is the most important problem facing this country today?,,,04/14/1986,CBS News; New York Times,,CBS News/New York Times Poll,04/6/1986,04/10/1986,Y,National Adult,1601,Telephone Interview,,1986
1174,USHARRIS.062386.R3C,Agree,61,"(Now let me read you some statements about President Reagan's decision to not live up to the SALT II (Strategic Arms Limitation) treaty. For each, tell me if you tend to agree or disagree.)... By getting rid of SALT II, we are making the Russians face the fact that only by making a new arms reduction agreement can the nuclear arms race be controlled.",,,06/23/1986,Louis Harris & Associates,,Harris Survey,06/11/1986,06/16/1986,Y,National adult,1250,Telephone Interview,,1986
1180,USCBSNYT.080086.R02,Drugs,13,What do you think is the most important problem facing this country today?,,,08/1/1986,CBS News; New York Times,,CBS News/New York Times Poll,08/18/1986,08/21/1986,Y,National Adult,1210,Telephone Interview,,1986
1201,USYANKCS.092486.R08E,More likely,45,"(Here are some positions that candidates may take when running for Congress. As I read each, please tell me whether you are more likely to vote for a candidate taking that position, less likely, or whether it would make no difference in how you vote.)...Favors cutting back substantially in our nuclear weapons in order to reach an arms control agreement with the Soviet Union",,,09/24/1986,Yankelovich Clancy Shulman,Time Magazine,Time/Yankelovich Clancy Shulman Poll,09/8/1986,09/10/1986,Y,National adult,1014,Telephone Interview,,1986
1205,USCBSNYT.100686.R19,Other economy/Inflation,21,What do you think is the most important problem facing this country today?,,Probable electorate (70%),10/6/1986,CBS News; New York Times,,CBS News/New York Times Poll,09/28/1986,10/1/1986,Y,National Adult,1525,Telephone Interview,,1986
1232,USYANKCS.102086.R02,Agreement still possible,62,"Do you think it is still (after the Iceland summit) possible for Reagan and Gorbachev to reach an agreement to reduce nuclear weapons, or do you think there's little chance to reach an arms control agreement while Reagan is still President?",,Followed summit news (62%),10/20/1986,Yankelovich Clancy Shulman,Time Magazine,Time/Yankelovich Clancy Shulman Poll,10/15/1986,10/15/1986,Y,National adult,806,Telephone Interview,,1986
1235,USABCWP.866735.R10,"Yes, U.S. should agree to that",34,"Reagan says it is essential for the U.S. to develop space based weapons to defend the United States against nuclear attack. Opponents say such weapons will increase the arms race and cost many billions of dollars. Suppose the only way to get an arms reduction agreement with the Soviet Union is for the U.S. to stop development of space based weapons. Should the U.S. agree to that, or not?",,,10/14/1986,Chilton Research Services,ABC News; Washington Post,ABC News/Washington Post Poll,10/14/1986,10/14/1986,Y,National Adult,768,Telephone Interview,,1986
1238,USABCWP.6536R.Q06,"Yes, should agree to stop development",32,President (Ronald) Reagan says it's essential for the U.S. to develop space-based weapons to defend the United States against nuclear attack. He calls the space-based system the Strategic Defense Initiative or S.D.I. Opponents say that S.D.I. will increase the arms race and cost many billions of dollars. Suppose the only way to get an arms reduction agreement with the Soviet Union is for the U.S. to stop development of space-based weapons. Should the U.S. agree to that or not?,,,11/1/1986,ABC News; Washington Post,,ABC News/Washington Post Poll,10/23/1986,10/29/1986,Y,National adult registered voters re-interviewed (see note),6431,Telephone Interview,"This is a re-interview of 6431 of the 8645 respondents originally interviewed September 18-28, 1986.",1986
1241,USCBSNYT.103086.R02,War/Nuclear war,7,What do you think is the most important problem facing this country today?,Adds to more than 100% due to multiple responses,,10/30/1986,CBS News; New York Times,,CBS News/New York Times Poll,10/24/1986,10/28/1986,Y,National Adult,2016,Telephone Interview,,1986
1268,USGALLUP.86CFRP.R02,Inflation,8,What do you feel are the two or three biggest problems facing the country today?,Adds to more than 100% due to multiple responses,,03/1/1987,Gallup Organization,The Chicago Council on Foreign Relations,Gallup/CCFR Survey of American Public Opinion and U.S. Foreign Policy 1986,10/30/1986,11/12/1986,Y,National Adult,1585,Face-to-face interview,,1986
1351,USCBSNYT.86ELEC.QD,Competition from foreign goods,12,"Which issues mattered most in deciding how you voted for US (United States) House of Representatives (1986)? Competition from foreign goods, controlling federal spending, nuclear or toxic wastes, helping the poor, defense/arms control, Social Security, the economy, family values, illegal drugs",Adds to more than 100% due to multiple responses,,11/1/1986,CBS News; New York Times,,CBS News/New York Times Exit Poll,11/4/1986,11/4/1986,Y,Exiting Voters,8994,Mail Questionnaire/Self-enumerated questionnaire,,1986
1360,USLAT.112B.R110,Federal budget deficit,37,"What do you think is the most important problem facing this country today: The federal budget deficit, or farm problems, or inflation, or nuclear arms control, or the moral decline in the nation, or the balance of foreign trade, or the Iran-Contra affair, or unemployment, or what? I could repeat those, if you wish. Is there another problem you consider almost as important?",Adds to more than 100% due to multiple responses Up to two replies accepted,,05/1/1987,Los Angeles Times,,Los Angeles Times Poll,12/6/1986,05/9/1987,Y,National adult including a callback sample,1800,Telephone Interview,Reinterviews of 1118 adults from a previous survey of 1800 adults conducted 12/6 - 9/86.,1986
1370,USCBSNYT.86DEC.R03,"War, nuclear war",6,What do you think is the most important problem facing this country today?,,,12/1/1986,CBS News; New York Times,,CBS News/New York Times Poll,12/7/1986,12/8/1986,Y,National Adult,1036,Telephone Interview,,1986
1400,USCBSNYT.87JAN.R04,"War, nuclear war",5,What do you think is the most important problem facing this country today?,,,01/1/1987,CBS News; New York Times,,CBS News/New York Times Poll,01/18/1987,01/21/1987,Y,National Adult,1590,Telephone Interview,,1987
1429,USLAT.114.R10,Federal budget deficit,27,"What do you think is the most important problem facing this country today: the federal budget deficit, or farm problems, or catastrophic health insurance, or nuclear arms control, or tax increases, or the balance of foreign trade, or unemployment, or welfare reform or what? (Wait for reply) Is there another problem you consider almost as important?",Adds to more than 100% due to multiple responses. Up to two responses accepted.,,02/1/1987,Los Angeles Times,,Los Angeles Times Poll,02/20/1987,03/7/1987,Y,National adult: Recall of respondents from survey 114,2346,Telephone Interview,,1987
1439,USPENN.87ARMS.R09,Adhering,16,Do you believe that the Soviet Union is adhering to or violating existing nuclear arms control agreements?,,,04/15/1987,Penn & Schoen Associates,Committee on the Present Danger,Attitudes Toward Arms Control Survey,04/3/1987,04/5/1987,Y,National adult,1004,Telephone Interview,,1987
1442,USHARRIS.87KEY.R6D02,Favor,50,Do you favor or oppose... the U.S. agreeing not to test President Reagan's Star Wars nuclear defense system in return for a nuclear arms reduction agreement with the Russians?,,,07/1/1987,Louis Harris & Associates,Democratic Governors Association; Democrats for the 80s,Key Issues In The Country In 1987,07/17/1987,07/22/1987,Y,National--Likely Voters,1261,Telephone Interview,Sponsored by the Democratic Governors Association and Democrats for the 80's.,1987
1445,USROPER.87-9.R19L,A lot,15,"(Here are a number of things that can affect our lives in this country. Would you read down that list, and for each one tell me how much effect you think the opinion of the American people can have on it--a lot, some, very little, or none?)...Nuclear arms reduction",,,12/1/1987,The Roper Organization,,Roper Report 87-9,09/19/1987,09/26/1987,Y,National adult,1989,Face-to-face interview,,1987
1450,USCBSNYT.102787.R04,Economy,14,"What do you think is the most important problem facing this country today? (If 'Don't know,' ask:) Are you sure there isn't one problem facing our country that you think is most important?",,,10/27/1987,CBS News; New York Times,,CBS News/New York Times Poll,10/18/1987,10/22/1987,Y,National Adult,1326,Telephone Interview,,1987
1484,USHARRIS.011188.R1B,"Yes, will happen",69,"In 1988, do you think these things will happen or not?... The nuclear arms control agreement with the Soviet Union will be ratified by the Senate",,,01/11/1988,Louis Harris & Associates,,Harris Survey,12/9/1987,12/13/1987,Y,National adult,1250,Telephone Interview,,1987
1490,USABCWP.275.R22,Favor,61,Would you favor or oppose the U.S. and the Soviet Union signing another arms control agreement that would eliminate half of all the long-range strategic nuclear missiles each country has or is that something you don't have an opinion on?,,,12/14/1987,ABC News; Washington Post,,ABC News/Washington Post Poll,12/11/1987,12/13/1987,Y,National adult,1005,Telephone Interview,,1987
1504,USNBCWSJ.88JAN.R07,Yes,67,"Do you think the United States Senate should ratify the arms control agreement between the United States and the Soviet Union that eliminates medium-range nuclear missiles from Europe, or not?",,,01/1/1988,NBC News; Wall Street Journal,,NBC News/Wall Street Journal Poll,01/20/1988,01/22/1988,Y,National adult,2392,Telephone Interview,,1988
1518,USCBSNYT.102588.R14,Economy/Inflation,11,"As far as you are concerned, what would be the most important issue in this (1988 Presidential) election?",,Probable electorate,10/25/1988,CBS News; New York Times,,CBS News/New York Times Poll,10/21/1988,10/24/1988,Y,National Adult,1827,Telephone Interview,Responses were weighted for participation in previous elections and intention to vote in November to create a probable electorate.,1988
1542,USCPS.88POST.QC05B,"Extremist groups/terrorists General mention of morality/traditional values, sex, bad language, pornography, teenage",*,"In the campaign (1988) in this district for the U.S. (United States) House of Representatives, what would you say was the single most important issue to you? (Second half of question/responses. First half QC05A)",* = less than .5 percent There were two other mentions allowed which are available,,12/1/1989,"Survey Research Center at University of Michigan (ANES American National Election Studies); Center for Political Studies, University of Michigan",National Science Foundation,American National Election Study 1988 (Post-Election),11/8/1988,01/30/1989,Y,National adult,1775,Face-to-face interview,"The respondents were originally interviewed in the pre-election study of 2040 adults conducted September 6-November 7, 1988.",1988
1609,USHARRIS.112488.R2A,"Yes, thankful",83,"This Thanksgiving, will you feel thankful or not... because real progress is being made on nuclear arms reduction between the U.S. and the Soviet Union?",,,11/24/1988,Louis Harris & Associates,,Harris Poll,11/11/1988,11/14/1988,Y,National Adult,1251,Telephone Interview,,1988
1612,USMOR.ATS12.R05,Not important (Pts. 0-4),7,"I'd like you to rate the importance of some goals for President-elect Bush and his new administration next year. We'll use a zero-to-ten scale with ten meaning extremely important and zero meaning not at all important. You can use any number from zero to ten: the higher the number, the more attention the Bush administration should give that goal.... Reaching a nuclear arms reduction agreement with the Soviet Union",Mean response = 8.0,,01/1/1989,Market Opinion Research,Americans Talk Security Project,Americans Talk Security #12,12/10/1988,12/13/1988,Y,Registered Voters,1000,Telephone Interview,,1988
1619,USABCWP.352.R43,Soviet conventional forces should be,,Do you think there should be reductions in the Soviet Union's conventional forces in Europe before we go much further with nuclear arms reductions or should nuclear arms reductions go ahead even if the Soviets do not reduce their conventional forces?,,,05/1/1989,Chilton Research Services,ABC News; Washington Post,ABC News/Washington Post Poll,05/19/1989,05/23/1989,Y,National Adult,1513,Telephone Interview,,1989
1623,USNYT.89WOM1.R02,"War, nuclear war",2,What do you think is the most important problem facing this country today?,,,06/1/1989,New York Times,,New York Times Poll,06/20/1989,06/25/1989,Y,"National adult sample of 1,025 women and 472 men",1497,Telephone Interview,Sample consists of 1025 women and 472 men. The genders were weighted to their proper proportion in the population.,1989
1651,USCBSNYT.89WOM2.R02,"War, nuclear war",2,What do you think is the most important problem facing this country today?,,,07/1/1989,CBS News; New York Times,,CBS News/New York Times Poll,07/25/1989,07/28/1989,Y,National Adult Women,978,Telephone Interview,"Sample is a randomly selected back panel from a survey originally conducted by the New York Times, 6/20-25/89.",1989
1675,USHFS.892165.R27,An arms agreement is overdue and we need,,Which of the following is closest to the way you feel about a nuclear arms control agreement with the Soviet Union? (Rotate),,Asked of half sample 1,12/1/1989,Hamilton & Staff,American Medical Political Action Committee,Current Problems And Public Issues,11/29/1989,12/14/1989,Y,National--Registered Voters,1503,Telephone Interview,,1989
1714,USGALLUP.072491.R8,Yes,73,Have you heard or read about the proposed nuclear arms reduction agreement between the United States and the Soviet Union?,,,07/24/1991,Gallup Organization,,Gallup Poll,07/18/1991,07/21/1991,Y,National adult,1002,Telephone Interview,,1991
1719,USLAT.257.R34,Haven't heard enough,14,"As you know, three weeks ago in Moscow, President Bush and Soviet President Mikhail Gorbachev signed a Strategic Arms Reduction, or START treaty, the first treaty ever between the U.S. (United States) and the Soviet Union that reduces each country's arsenal of nuclear weapons. The U.S. Senate must still approve that treaty before it takes effect. Do you think the Senate should approve the START treaty, or should it reject the treaty, or should it delay consideration of the treaty for now, or haven't you heard enough to say?",,,09/6/1991,Los Angeles Times,,Los Angeles Times Poll,08/20/1991,08/20/1991,Y,National Adult,661,Telephone Interview,,1991
1724,USGALLUP.0891W4.R24,"Yes, have heard or read",67,Have you heard or read about the proposed nuclear arms reduction agreement between the United States and the Soviet Union?,,,08/1/1991,Gallup Organization,,Gallup Poll,08/23/1991,08/25/1991,Y,National adult,1018,Telephone Interview,,1991
1727,USLAT.327.R51,Trade/economic competition generally,15,"On another subject, what's the most important international problem facing the United States today? Is there another international problem you consider almost as important?",Adds to more than 100% due to multiple responses,,12/1/1993,Los Angeles Times,,Los Angeles Times Poll,12/4/1993,12/7/1993,Y,National Adult,0,Telephone Interview,,1993
1754,USGALLUP.94CFRP.R02,Crime,42,What do you feel are the two or three biggest problems facing the country today?,Adds to more than 100% due to multiple responses. * = less than .5 percent,,02/15/1995,Gallup Organization,The Chicago Council on Foreign Relations,Gallup/CCFR Survey of American Public Opinion and U.S. Foreign Policy 1995,10/7/1994,10/25/1994,Y,National adult,1492,Face-to-face interview,The study also has a separate sample of 383 opinion leaders conducted 10/26/94-12/07/94. The leaders were asked many of the same questions. These results are available from the Roper Center.,1994
1861,USCPS.94POST.QF02C,"Against (increased) policy of disarmament: against test ban treaty, for additional weapons development, missile program, scientific/ technological development in weapons/strategy, atomic bomb testing, increased defense budget, increased arms expenditure, S.A.L.T., increased pay for military personnel, S.D.I. ('Star Wars'), I.N.F. treaty",*,"(What do you think are the most important problems facing this country?) (Part four of four...see questions QF02, QF02A, QF02B for balance of responses.)",Two other mentions were allowed besides the first mentions shown here. * = less than .5 percent.,,05/1/1995,"Survey Research Center at University of Michigan (ANES American National Election Studies); Center for Political Studies, University of Michigan",National Science Foundation (NSF),American National Election Study 1994 (Post-Election),11/9/1994,01/9/1995,Y,National adult and members of the 1992 ANES panel,1795,Face-to-face interview; Computer-assisted personal interview (CAPI),"The survey included 1136 respondents who were first interviewed in the study, and 759 panel respondents first interviewed in the 1992 pre-election survey. The results are weighted to be representative of a national adult population.",1994
1930,USAP.916K.Q4,Yes,66,"Should the United States Senate ratify the Second Strategic Arms Reduction Treaty which would require the United States to reduce the number of deployed nuclear weapons to 3,500 and Russia to reduce to 3,000?",,Asked of Form 2 half sample,04/1/1995,ICR Survey Research Group,Associated Press,Associated Press Poll,04/21/1995,04/21/1995,Y,National adult,1005,Telephone Interview,Interviewing was conducted by ICR Survey Research Group.,1995
1936,USBRUSKN.95DC14.R03,"Danger, accidents",30,What do you think are the major disadvantages of nuclear energy? Anything else?,Adds to more than 100% due to multiple responses.,,12/1/1995,Bruskin/Goldring Research,Nuclear Energy Institute,Bruskin/Goldring/NEI Poll,12/14/1995,12/20/1995,Y,National adult,1020,Telephone Interview,,1995
1950,USPSRA.101097.R04,Assisting/encouraging economic growth /Development worldwide,3,What is America's most important international problem today?,Adds to more than 100% due to multiple responses. * = less than .5 percent,,10/10/1997,Princeton Survey Research Associates,Pew Research Center for the People & the Press,Pew Research Center for the People & the Press America's Place In The World Survey,09/4/1997,09/11/1997,Y,National adult,2000,Telephone Interview,"A parallel survey of 591 influential leaders was conducted July 7-Sept. 23, 1997. These results are available from The Roper Center.",1997
2061,USPSRA.01APW.QA05,"Deficit imbalance/Reduction of trade deficit, generally or unspecified",2,What is America's most important international problem today?...First response,* = less than .5%.,Asked of Form A half sample,09/30/2001,Princeton Survey Research Associates,Pew Research Center for the People & the Press,Pew Research Center for the People & the Press/CFR America's Place in the World III Poll,09/21/2001,10/5/2001,Y,National adult,2001,Telephone Interview,,2001
2120,USHARRIS.Y052402.R27,A lot,52,"When it comes to negotiating a nuclear arms control agreement with Russia, do you have a lot of confidence in President (George W.) Bush, only a little confidence, or no confidence at all?",,,05/24/2002,Harris Interactive,Time Magazine; Cable News Network (CNN),Time/CNN/Harris Interactive Poll,05/22/2002,05/25/2002,Y,National adult,1007,Telephone Interview,,2002
2129,USLAT.020403.R55,Closely,57,How closely have you been following the news about North Korea's possible resumption of its nuclear program and its withdrawal from the Nuclear Nonproliferation Treaty?,,,02/4/2003,Los Angeles Times,,Los Angeles Times Poll,01/30/2003,02/2/2003,Y,National adult,1385,Telephone Interview,,2003
2135,USUMARY.041504.R45A,Aware,39,"As you may know, the US (United States) and most of the world's countries have signed a treaty called the Non-Proliferation Treaty.  According to this treaty, the countries of the world that do not have nuclear weapons have agreed not to try to acquire them.  In exchange, the countries that have nuclear weapons, including the US, have agreed to actively work together toward eliminating their nuclear weapons.  Were you aware or not aware that the US has agreed to do this?",,Asked of two-fifth sample,04/15/2004,Knowledge Networks,Program on International Policy Attitudes,PIPA/Knowledge Networks Poll,03/16/2004,03/24/2004,Y,National adult,1331,Web-based survey,"The poll was fielded by Knowledge Networks using its national panel which is randomly selected from the entire national population and subsequently provided Internet access, if needed.",2004
2144,USPSRA.2005APW.Q04F2,All trade/economic mentions,6,What is America's most important international problem today?...First mention,* = less than .5%.,Asked of Form 2 half of sample,10/31/2005,Princeton Survey Research Associates International,Pew Research Center for the People & the Press; The Council on Foreign Relations,Pew Research Center for the People & the Press/CFR America's Place In The World Survey,10/12/2005,10/24/2005,Y,National adult,2006,Telephone Interview,There was a parallel survey of opinion leaders who are influential in their own field.,2005
2186,USGREEN.06CAF.R43,Much more likely,40,"(Now, let me read you some signature policies from a Progressive candidate for Congress.  After hearing it, please tell me whether it makes you much more likely, somewhat more likely, a little more likely, or no more likely or less likely to support that Progressive candidate.)...America's go-it-alone use of the military as a first rather than last resort is making us less secure.  We must rebuild our alliances with NATO (North Atlantic Treaty Organization) and the UN (United Nations), and work together with other nations to fight terrorism, limit proliferation of nuclear weapons, address environmental threats and promote democracy.",,Asked of Form B half sample,06/12/2006,Greenberg Quinlan Rosner Research,Campaign for America's Future,Campaign for America's Future Poll,06/4/2006,06/7/2006,Y,National registered voters,1000,Telephone Interview,,2006
2198,USKN.06GLOBEV.R075,Selling India civilian nuclear technology is a good idea because it will strengthen US-India relations and contribute to peace and stability in Asia,24,"As you may know, the US (United States) has a law that forbids the US from selling civilian nuclear technology to countries that have not signed the Non-Proliferation Treaty.  India did not sign the treaty and produced nuclear weapons in 1998, so the US has not sold it nuclear technology.  Last July, India and the US agreed that the US will change its laws so that it can sell nuclear technology to India, while India will allow the UN's (United Nations') nuclear agency to inspect some of its nuclear power plants.  Here are two arguments on this issue.  Which one is closer to yours?...Selling India civilian nuclear technology is a good idea because it will strengthen US-India relations and contribute to peace and stability in Asia.  Selling India civilian nuclear technology is a bad idea because it will suggest to other countries that they can develop nuclear weapons and get away with it.",,United States respondents (n=1227).,10/11/2006,Knowledge Networks,Chicago Council on Foreign Relations; East Asia Institute; Lowry Institute for International Affairs,Global Views 2006 Survey,06/9/2006,07/21/2006,Y,"Adult residents of the United States, China and India",6359,Face-to-face interview,"The poll was fielded by Knowledge Networks using its national panel which is randomly selected from the entire national population and subsequently provided Internet access.  Parallel surveys were conducted in China, India, Australia, and South Korea.",2006
2201,USUMARY.012707.R46,Good idea,78,Do you think it was a good idea or a bad idea for the United States to agree to be part of the Nuclear Nonproliferation Treaty?,,,01/27/2007,"Program on International Policy Attitudes, University of Maryland",,PIPA/Knowledge Networks Poll,11/21/2006,11/29/2006,Y,National adult,1326,Web-based survey,"The poll was fielded by Knowledge Networks using its national panel which is randomly selected from the entire national population and subsequently provided Internet access, if needed.  A parallel survey was conducted in Iran October 31-December 6, 2006.",2006
2235,USORC.07MDAA.R02A,Terrorism,30,"The following have been cited by various commentators as threats to the United States and our allies.  Which one do you believe is the most significant threat?...Terrorism, dependence on Middle East oil, proliferation or spreading of nuclear weapons, unpredictable countries like North Korea, Iran's development of nuclear weapons, China's growing military power",,,07/26/2007,Opinion Research Corporation,Missile Defense Advocacy Alliance,National Missile Defense Survey,07/19/2007,07/22/2007,Y,National adult,1023,Telephone Interview,,2007
2252,USZOGBY.07CHINA.R31,Trade,71,In what two areas do you think the US (United States) and China share the most common interest?,Adds to more than 100% due to multiple responses.,,12/10/2007,Zogby International,Committee of 100,Hope & Fear:  American and Chinese Attitudes Toward Each Other Survey,08/20/2007,09/4/2007,Y,National adult,1200,Telephone Interview,"There were parallel surveys of opinon leaders, business leaders, and congressional staffers.  There were also parallel surveys of Chinese adults, opinion leaders, and business leaders.",2007
2269,31119361.00034,"Economy, jobs",38,"What is the most Important Issue facing the country?...Economy, jobs, war in Iraq, healthcare, energy and oil, education, immigration, ethics in government, corruption, campaign finance reform, war on terror, family values, morality, environment, housing affordability, trade, trade deficit, China, nuclear weapons proliferation, WMD (weapons of mass destruction)",* = Less than .5 percent.,,01/17/2008,"Penn, Schoen & Berland Associates",,PSB January 2008 Massachusetts likely Democratic primary voters,01/16/2008,01/16/2008,Y,Massachusetts likely Democratic primary voters,404,"Telephone Interview, Cell Phone; Telephone Interview, Landline","This survey was conducted on behalf of Hillary Clinton. These data have been made available with the support of the Society of Presidential Pollsters and the Special Collections Research Center, George Washington Libraries and Academic Innovation, The George Washington University. Please contact the Special Collections Research Center for access to materials in the Mark Penn Digital Polling Data Collection and Oral History. Speccoll@gwu.edu",2008
2283,USKN.08GLOBAL.R0221,Should,14,"So now having heard these arguments (Japan developing nuclear weapons would allow it to respond to China's growing military power and the potential threat from North Korea, Japan developing nuclear weapons would reduce the burden on the United States of defending it from attack, Japan developing nuclear weapons would create the possibility that Japan's rivalry with China could escalate into a nuclear war, Japan developing nuclear weapons would violate commitments under the Nuclear-Proliferation Treaty and encourage other countries, such as Iran, to develop nuclear weapons), do you think that Japan should or should not develop nuclear weapons?",,Asked of 2/3 sample,08/31/2008,Knowledge Networks,The Chicago Council on Global Affairs,Global Views 2008 Survey,07/3/2008,07/15/2008,Y,National adult,1505,Web-based survey,"The poll was fielded by Knowledge Networks using its national panel which is randomly selected from the entire national population and subsequently provided Internet access, if needed.",2008
2286,USORC.08MISSILE.R02B,Terrorism,18,"The following have been cited by various commentators as threats to the United States and our allies.  Which one do you believe is the next most significant threat?...Terrorism, Iran's development of long range missiles and nuclear technology, dependence on Middle East oil, global warming and other environmental concerns, the proliferation or spreading of nuclear weapons, China's growing military power, countries like North Korea",* = less than .5%.,,08/12/2008,Opinion Research Corporation,Missile Defense Advocacy Alliance,Missile Defense Survey,07/24/2008,07/27/2008,Y,National adult,1004,Telephone Interview,,2008
2310,USGREEN.08RELIGR.R008,War/Iraq/Afghanistan,17,"Thinking internationally, what do you believe is the biggest problem facing the world today?",* = less than .5%.  Adds to more than 100% due to multiple responses.,,10/22/2008,Greenberg Quinlan Rosner Research,Religion & Ethics Newsweekly; United Nations Foundation,Religion & Ethics Newsweekly/United Nations Foundation Religion and America's Role in the World Survey,09/4/2008,09/21/2008,Y,National adult,1400,Telephone Interview,,2008
2343,USGREEN.09DCMAY.R079,Strongly support,37,"While in Europe, President (Barack) Obama announced that the US (United States) would pursue new negotiations with Russia to reduce both countries' nuclear arsenals, a global ban on nuclear testing, and new efforts to stem the proliferation of nuclear materials and weapons.  Based on what you know, do you support or oppose these policies? (If Support/Oppose, ask:) (Is that strongly or somewhat support/oppose?)",,Asked of Form B half sample,05/19/2009,Greenberg Quinlan Rosner Research,Democracy Corps,Democracy Corps Poll,05/10/2009,05/12/2009,Y,National voters,1000,Telephone Interview,Voters are registered voters who voted in the 2008 election/weren't registered/ineligible/too young to vote.  121 respondents were interviewed on cell phones.,2009
2353,USSRBI.120309P.R11F1,Economic issues,19,What is America's most important international problem today?,* = less than .5%. Adds to more than 100% due to multiple responses.,Asked of Form 1 half sample,12/3/2009,"Abt SRBI, Inc. (Schulman, Ronca, & Bucuvalas, Inc.)",Pew Research Center for the People & the Press; The Council on Foreign Relations,Pew Research Center for the People & the Press/Council on Foreign Relations America's Place in the World Survey,10/28/2009,11/8/2009,Y,National adult,2000,"Telephone Interview, Cell Phone; Telephone Interview, Landline","1500 respondents were interviewed on a landline telephone, and 500 were interviewed on a cell phone, including 193 who had no landline telephone.  There was a parallel survey of Council on Foreign Relations members conducted October 2 - November 16, 2009.",2009
2385,USKN.10GLOBALV.R0371,Work to maintain stability on the Korean Peninsula even if it means accepting North Korea's current regime and nuclear capability,18,"US (United States) policy toward North Korea has to pursue a number of sometimes conflicting objectives.  Which of the following approaches do you think would be best?...Work to maintain stability on the Korean Peninsula even if it means accepting North Korea's current regime and nuclear capability.  Work to bring about regime change in North Korea, even if it may bring instability on the Korean Peninsula and further nuclear proliferation.  Work to negotiate an end to North Korea's nuclear capability, even if it means accepting the North Korean regime and continuing division of the Peninsula.",,1/2 sample,09/16/2010,Knowledge Networks,The Chicago Council on Global Affairs,Global Views 2010 Survey,06/11/2010,06/22/2010,Y,National adult including an oversample of Midwest panel members,2597,Web-based survey,"There were oversamples in Illinois, Indiana, Michigan, Minnesota, Ohio, and Wisconsin.  Results were weighted to be representative of a national adult population.  The poll was fielded by Knowledge Networks using its national panel which is randomly selected from the entire national population and subsequently provided Internet access, if needed.",2010
2389,USAP.111010G.R28,"Yes, should ratify",67,"Should the United States Senate ratify the strategic arms reduction treaty, which would require both the United States and Russia to reduce the number of deployed nuclear weapons, or not?",* = less than .5%.,,11/10/2010,Gfk Roper Public Affairs & Corporate Communications,Associated Press,Associated Press/Gfk Poll,11/3/2010,11/8/2010,Y,National adult,1000,Telephone Interview,"Interviews were conducted with 700 respondents on landline telephones, and 300 on cellular phones.",2010
2393,USGALLUP.10NOV19.R12C,Very important,40,"(Next, as you may know, Congress is considering several issues during its lame duck session between now and the end of the year (2010).  The lame duck session includes many current members of Congress who will leave when the new Congress takes over in January (2011).  How important is it to you that the current lame duck Congress complete action on each of the following this year--very important, somewhat important, not too important, or not important at all?) How about...ratifying the nuclear arms agreement with Russia, called the 'START' (Strategic Arms Reduction Talks) treaty?",,,11/23/2010,Gallup Organization,USA Today,Gallup/USA Today Poll,11/19/2010,11/21/2010,Y,National adult,1037,"Telephone Interview, Cell Phone; Telephone Interview, Landline",Interviews were conducted with respondents on landline telephones and cellular phones.,2010
2398,USGALLUP.10DEC03.R01F,Vote for,51,"(Suppose that on Election Day you could vote on key issues as well as candidates.  Please tell me whether you would vote for or against a law that would do each of the following.) Would you vote for or against a law that would...ratify the nuclear arms agreement with Russia, called the START (Strategic Arms Reduction Treaty) treaty?",,,12/8/2010,Gallup Organization,,Gallup Poll,12/3/2010,12/6/2010,Y,National adult,1003,"Telephone Interview, Cell Phone; Telephone Interview, Landline",Interviews were conducted with respondents on landline telephones and cellular phones.,2010
2401,USNBCWSJ.10DEC.R26,Senate should approve,70,"Earlier this year (2010), President (Barack) Obama and Russian President (Dmitry) Medvedev signed a Strategic Arms Reduction, or START treaty, that reduces each country's arsenal of nuclear weapons and increases how closely each country can monitor the other country's nuclear weapons.  The US (United States) Senate must still approve that treaty before it takes effect.  Do you think the Senate should approve the START treaty, or not?",,,12/14/2010,Hart and McInturff Research Companies,NBC News; Wall Street Journal,NBC News/Wall Street Journal Poll,12/9/2010,12/13/2010,Y,National adult,1000,"Telephone Interview, Cell Phone; Telephone Interview, Landline",The sample included 200 who use a cell phone only.,2010
2404,USBISC.13FEB.R07,"Danger, accidents",38,What do you think are the major disadvantages of using nuclear energy as a source of electricity?  Anything else?  Anything else?,* = less than .5%. Adds to more than 100% due to multiple responses.,,02/19/2013,"Bisconti Research, Inc.; Gfk Roper Public Affairs & Corporate Communications",Nuclear Energy Institute,Nuclear Energy Institute Poll,02/8/2013,02/10/2013,Y,National adult,1000,Telephone Interview,,2013
2421,USUMARY.030315.R02,I knew this,34,"In establishing the NPT (Non-Proliferation Treaty), all members that did not already have nuclear weapons agreed not to develop them. Iran is one of those members that has agreed not to develop nuclear weapons. Did you know that Iran, as a member of the NPT, has agreed not to develop a nuclear weapon, or had you not heard this?",,,03/3/2015,GfK Knowledge Networks,"Program for Public Consultation, Anwar Sadat Chair for Peace and Development at the University of Maryland",Americans on the Iran Nuclear Issue Survey,02/19/2015,02/25/2015,Y,National adult,710,Web-based survey,"The poll was fielded by GfK Knowledge Networks using its national KnowledgePanel.  The KnowledgePanel is a nationally representative probability sample of the U.S. adult population. Panelists are recruited by randomly selecting residential addresses using a process called address-based sampling (ABS). Since nearly 3-in-10 U.S. households do not have home Internet access, respondent households who do not have Internet access or own a computer are provided Internet service and a netbook computer to ensure that panel respondents are representative of the U.S. adult population. Unlike opt-in panels, households are not permitted to ""self-select"" into KnowledgePanel; nor are they allowed to participate in many surveys per week.",2015
2434,USKN.2014CCGA.Q29H,Very good,11,"(Do you think the United Nations is doing a very good, somewhat good, somewhat bad or very bad job at the following?)...Preventing the proliferation of nuclear weapons",,,05/31/2014,GfK Knowledge Networks,The Chicago Council on Global Affairs,Chicago Council on Global Affairs Poll,05/6/2014,05/29/2014,Y,National adult including an oversample of Hispanics,2108,Web-based survey,"Results were weighted to be representative of a national adult sample.
The poll was fielded by GfK Knowledge Networks using its national KnowledgePanel. The KnowledgePanel is a nationally representative probability sample of the US adult population. Panelists are recruited by randomly selecting residential addresses using a process called address-based sampling (ABS). Since nearly 3-in-10 US households do not have home Internet access, respondent households who do not have Internet access or own a computer are provided Internet service and a netbook computer to ensure that panel respondents are representative of the US adult population. Unlike opt-in panels, households are not permitted to ""self-select"" into KnowledgePanel; nor are they allowed to participate in many surveys per week.",2014
